-- phpMyAdmin SQL Dump
-- version phpStudy 2014
-- http://www.phpmyadmin.net
--
-- ä¸»æœº: localhost
-- ç”Ÿæˆæ—¥æœŸ: 2017 å¹?03 æœ?22 æ—?10:02
-- æœåŠ¡å™¨ç‰ˆæœ¬: 5.5.53
-- PHP ç‰ˆæœ¬: 5.6.27

SET SQL_MODE="NO_AUTO_VALUE_ON_ZERO";
SET time_zone = "+00:00";


/*!40101 SET @OLD_CHARACTER_SET_CLIENT=@@CHARACTER_SET_CLIENT */;
/*!40101 SET @OLD_CHARACTER_SET_RESULTS=@@CHARACTER_SET_RESULTS */;
/*!40101 SET @OLD_COLLATION_CONNECTION=@@COLLATION_CONNECTION */;
/*!40101 SET NAMES utf8 */;

--
-- æ•°æ®åº“: `bbs`
--

-- --------------------------------------------------------

--
-- è¡¨çš„ç»“æ„ `ban_ips`
--

CREATE TABLE IF NOT EXISTS `ban_ips` (
  `id` int(10) unsigned NOT NULL AUTO_INCREMENT,
  `ip` varchar(30) NOT NULL COMMENT 'ç”¨æˆ·ip',
  `dated` datetime NOT NULL COMMENT 'dated',
  PRIMARY KEY (`id`)
) ENGINE=MyISAM  DEFAULT CHARSET=utf8 AUTO_INCREMENT=20 ;

--
-- è½¬å­˜è¡¨ä¸­çš„æ•°æ® `ban_ips`
--

INSERT INTO `ban_ips` (`id`, `ip`, `dated`) VALUES
(2, '127.0.0.10', '2017-03-20 00:00:00');

-- --------------------------------------------------------

--
-- è¡¨çš„ç»“æ„ `categorys`
--

CREATE TABLE IF NOT EXISTS `categorys` (
  `id` int(10) unsigned NOT NULL AUTO_INCREMENT,
  `name` varchar(20) NOT NULL COMMENT 'æ¿å—åç§°',
  `order_by` tinyint(4) NOT NULL DEFAULT '50',
  `dated` datetime NOT NULL COMMENT 'æ—¶é—´',
  PRIMARY KEY (`id`)
) ENGINE=MyISAM  DEFAULT CHARSET=utf8 AUTO_INCREMENT=12 ;

--
-- è½¬å­˜è¡¨ä¸­çš„æ•°æ® `categorys`
--

INSERT INTO `categorys` (`id`, `name`, `order_by`, `dated`) VALUES
(1, 'ç”Ÿæ´»', 50, '2017-03-21 14:41:19'),
(2, 'æ¨¡æ¿', 50, '2017-03-09 14:28:35'),
(3, 'åº”ç”¨ä¸­å¿ƒ', 50, '2017-03-14 11:27:27'),
(4, 'å®‰è£…ä½¿ç”¨', 50, '2017-03-09 15:03:34'),
(5, 'ç«™é•¿å¸®', 50, '2017-03-17 15:47:08'),
(6, 'bugåé¦ˆ', 50, '2017-03-15 17:05:24'),
(11, 'æ¿å—åˆ—è¡¨', 50, '2017-03-21 13:41:34');

-- --------------------------------------------------------

--
-- è¡¨çš„ç»“æ„ `posts`
--

CREATE TABLE IF NOT EXISTS `posts` (
  `id` int(11) unsigned NOT NULL AUTO_INCREMENT,
  `user_id` int(11) NOT NULL,
  `cate_id` int(11) NOT NULL COMMENT 'æ¿å—id',
  `title` varchar(30) NOT NULL COMMENT 'å¸–å­æ ‡é¢˜',
  `reply_num` int(11) NOT NULL DEFAULT '0' COMMENT 'å›å¤æ•°',
  `ip` varchar(20) NOT NULL COMMENT 'ipåœ°å€',
  `topdated` datetime NOT NULL COMMENT 'ç½®é¡¶æ—¶é—´',
  `is_ban` tinyint(1) NOT NULL DEFAULT '0' COMMENT 'æ˜¯å¦ç»“å¸–ï¼Œ0ä¸ç»“å¸–ï¼Œ1ç»“å¸–',
  `update_dated` datetime NOT NULL COMMENT 'æœ€åä¿®æ”¹æ—¶é—´',
  `dated` datetime NOT NULL COMMENT 'å‘å¸–æ—¶é—´',
  PRIMARY KEY (`id`)
) ENGINE=MyISAM  DEFAULT CHARSET=utf8 AUTO_INCREMENT=212 ;

--
-- è½¬å­˜è¡¨ä¸­çš„æ•°æ® `posts`
--

INSERT INTO `posts` (`id`, `user_id`, `cate_id`, `title`, `reply_num`, `ip`, `topdated`, `is_ban`, `update_dated`, `dated`) VALUES
(93, 9, 2, '12121212', 0, '127.0.0.1', '0000-00-00 00:00:00', 1, '2017-03-03 16:46:52', '2017-03-03 16:46:52'),
(189, 9, 6, 'ä»Šæ—¥å‘å¸–å•Š', 0, '127.0.0.1', '0000-00-00 00:00:00', 0, '2017-03-14 09:50:27', '2017-03-14 09:50:27'),
(91, 9, 1, 'ä»è‡ªè¡Œè½¦è‡ªè¡Œè½¦å°', 0, '127.0.0.1', '2017-03-06 10:15:36', 0, '2017-03-03 14:52:41', '2017-03-03 14:52:41'),
(89, 9, 1, '1231545', 0, '127.0.0.1', '0000-00-00 00:00:00', 0, '2017-03-03 14:52:34', '2017-03-03 14:52:34'),
(87, 9, 1, 'zzz', 0, '127.0.0.1', '0000-00-00 00:00:00', 0, '2017-03-03 14:52:24', '2017-03-03 14:52:24'),
(106, 9, 1, 'å‡‘ä¸ªæ•°', 0, '127.0.0.1', '2017-03-06 10:50:33', 0, '2017-03-06 10:50:18', '2017-03-06 10:50:18'),
(85, 9, 1, 'å‘è…¿å„¿', 2, '127.0.0.1', '0000-00-00 00:00:00', 1, '2017-03-03 17:24:51', '2017-03-03 14:52:15'),
(84, 9, 1, 'å‘å¸–', 0, '127.0.0.1', '2017-03-06 10:29:18', 0, '2017-03-03 14:32:47', '2017-03-03 14:32:47'),
(83, 9, 1, 'ip', 0, '127.0.0.1', '0000-00-00 00:00:00', 0, '2017-03-03 13:14:03', '2017-03-03 13:14:03'),
(82, 9, 1, 'ã€Šã€‹ã€Šã€‹ã€Šã€‹', 2, '', '0000-00-00 00:00:00', 0, '2017-03-03 14:07:00', '2017-03-03 13:07:36'),
(81, 9, 1, '1212', 0, '', '0000-00-00 00:00:00', 0, '2017-03-03 10:53:28', '2017-03-03 10:53:28'),
(80, 9, 1, 'eeee', 1, '', '2017-03-06 10:21:34', 1, '2017-03-03 14:33:05', '2017-03-03 10:51:53'),
(79, 9, 4, 'æ»¡çº§æ²¡å›å®¶å—', 0, '', '0000-00-00 00:00:00', 0, '0000-00-00 00:00:00', '2017-03-03 10:39:52'),
(78, 9, 4, 'jmm', 0, '', '0000-00-00 00:00:00', 1, '0000-00-00 00:00:00', '2017-03-03 10:39:47'),
(77, 9, 3, 'dasdasdas', 1, '', '2017-03-13 12:01:56', 0, '2017-03-10 17:29:19', '2017-03-03 10:39:41'),
(76, 9, 3, 'å¤§å¤§å£°ç‚¹', 1, '', '2017-03-21 09:02:57', 0, '2017-03-03 14:11:01', '2017-03-03 10:39:36'),
(74, 9, 2, 'ä»è‡ªè¡Œè½¦è‡ªè¡Œè½¦åœ¨', 0, '', '0000-00-00 00:00:00', 0, '0000-00-00 00:00:00', '2017-03-03 10:39:26'),
(73, 9, 2, 'ç©¿ç€ç©¿ç€å°é”¤å­çº¿', 0, '', '0000-00-00 00:00:00', 0, '0000-00-00 00:00:00', '2017-03-03 10:39:21'),
(72, 9, 2, '132123', 0, '', '0000-00-00 00:00:00', 0, '0000-00-00 00:00:00', '2017-03-03 10:39:17'),
(71, 9, 1, '1312312312', 0, '', '0000-00-00 00:00:00', 1, '0000-00-00 00:00:00', '2017-03-03 10:39:11'),
(94, 9, 2, 'zxczxcczxzc', 0, '127.0.0.1', '0000-00-00 00:00:00', 1, '2017-03-03 16:46:57', '2017-03-03 16:46:57'),
(205, 12, 1, 'æœ€æ–°å‘å¸–-çƒ­é—¨', 0, '127.0.0.1', '0000-00-00 00:00:00', 0, '2017-03-21 14:18:31', '2017-03-21 14:18:31'),
(96, 9, 2, 'czxczxczxczx', 0, '127.0.0.1', '0000-00-00 00:00:00', 0, '2017-03-03 16:47:04', '2017-03-03 16:47:04'),
(97, 9, 2, '3æ©æ©é¥¿', 0, '127.0.0.1', '0000-00-00 00:00:00', 0, '2017-03-03 17:06:32', '2017-03-03 17:06:32'),
(98, 9, 2, 'é¥¿2é¥¿2é¥¿2e', 0, '127.0.0.1', '0000-00-00 00:00:00', 0, '2017-03-03 17:06:36', '2017-03-03 17:06:36'),
(99, 9, 2, 'å“‡æ‰“æˆ‘æ‰“ç®—çš„', 0, '127.0.0.1', '0000-00-00 00:00:00', 0, '2017-03-03 17:06:41', '2017-03-03 17:06:41'),
(100, 9, 2, 'å¤§å¤§å£°ç‚¹', 0, '127.0.0.1', '0000-00-00 00:00:00', 0, '2017-03-03 17:06:45', '2017-03-03 17:06:45'),
(101, 9, 2, 'å¤§æ‰“ç®—æ‰“ç®—233 ', 0, '127.0.0.1', '2017-03-06 11:13:20', 0, '2017-03-09 16:33:28', '2017-03-03 17:06:58'),
(102, 9, 2, 'æ‰“ç®—æ‰“ç®—', 0, '127.0.0.1', '0000-00-00 00:00:00', 0, '2017-03-03 17:07:04', '2017-03-03 17:07:04'),
(103, 9, 2, 'æ’’å¤§å£°å¤§å£°é“', 2, '127.0.0.1', '0000-00-00 00:00:00', 0, '2017-03-03 17:07:07', '2017-03-03 17:07:07'),
(192, 9, 3, 'ssssss', 0, '127.0.0.1', '0000-00-00 00:00:00', 0, '2017-03-14 11:27:27', '2017-03-14 11:27:27'),
(156, 9, 3, 'äº‹å®ä¸Šäº‹å®ä¸Š', 0, '127.0.0.1', '0000-00-00 00:00:00', 0, '2017-03-10 15:36:04', '2017-03-10 15:36:04'),
(107, 9, 1, 'å‡‘æ•°', 0, '127.0.0.1', '2017-03-06 10:51:06', 0, '2017-03-06 10:50:24', '2017-03-06 10:50:24'),
(108, 9, 1, 'ç½®é¡¶å¸–1', 0, '127.0.0.1', '2017-03-06 10:51:08', 1, '2017-03-06 10:50:45', '2017-03-06 10:50:45'),
(109, 9, 1, '213412', 8, '127.0.0.1', '2017-03-06 10:51:15', 0, '2017-03-10 16:37:59', '2017-03-06 10:50:54'),
(110, 9, 1, 'ç½®é¡¶å¸–222', 4, '127.0.0.1', '2017-03-06 10:51:13', 0, '2017-03-13 13:48:55', '2017-03-06 10:50:59'),
(111, 9, 2, 'ç½®é¡¶1', 0, '127.0.0.1', '2017-03-06 11:09:44', 0, '2017-03-06 11:09:27', '2017-03-06 11:09:27'),
(113, 9, 2, 'æ‰“ç®—æ‰“ç®—m ', 0, '127.0.0.1', '0000-00-00 00:00:00', 0, '2017-03-09 16:31:42', '2017-03-06 14:04:25'),
(114, 9, 1, '1312312312', 0, '127.0.0.1', '0000-00-00 00:00:00', 0, '2017-03-06 14:04:44', '2017-03-06 14:04:44'),
(115, 9, 1, 'ä¿®æ”¹', 0, '127.0.0.1', '0000-00-00 00:00:00', 0, '2017-03-06 14:27:09', '2017-03-06 14:09:42'),
(154, 9, 3, 'è¯•è¯•æ•ˆæœ1 ', 0, '127.0.0.1', '0000-00-00 00:00:00', 0, '2017-03-10 15:19:10', '2017-03-10 15:19:10'),
(118, 9, 4, 'æ·»åŠ ', 0, '127.0.0.1', '0000-00-00 00:00:00', 0, '2017-03-06 14:55:21', '2017-03-06 14:55:21'),
(119, 9, 4, '12313', 0, '127.0.0.1', '0000-00-00 00:00:00', 0, '2017-03-06 14:57:33', '2017-03-06 14:57:33'),
(122, 9, 1, 'æˆ‘é—®é—®', 0, '127.0.0.1', '0000-00-00 00:00:00', 0, '2017-03-06 15:51:14', '2017-03-06 15:51:14'),
(121, 9, 4, 'ä»Šå¤©å¤©æ°”ä¸é”™~', 2, '127.0.0.1', '0000-00-00 00:00:00', 0, '2017-03-06 15:12:10', '2017-03-06 15:11:47'),
(134, 9, 1, '123344', 0, '127.0.0.1', '0000-00-00 00:00:00', 0, '2017-03-07 11:04:54', '2017-03-07 11:04:54'),
(144, 9, 2, 'dfsssswdqwdf', 0, '127.0.0.1', '0000-00-00 00:00:00', 0, '2017-03-09 14:23:56', '2017-03-09 14:23:56'),
(158, 9, 1, '33333333333333333333', 0, '127.0.0.1', '0000-00-00 00:00:00', 0, '2017-03-10 15:41:34', '2017-03-10 15:41:34'),
(157, 9, 3, 'äº‹å®ä¸Šå®ä¸Š', 0, '127.0.0.1', '0000-00-00 00:00:00', 0, '2017-03-10 15:36:23', '2017-03-10 15:36:23'),
(143, 9, 1, 'ajaxæäº¤', 0, '127.0.0.1', '0000-00-00 00:00:00', 0, '2017-03-09 14:23:09', '2017-03-09 14:23:09'),
(148, 9, 4, '33333331111', 0, '127.0.0.1', '0000-00-00 00:00:00', 0, '2017-03-09 16:33:36', '2017-03-09 15:03:34'),
(159, 9, 1, '33333333333333333', 0, '127.0.0.1', '0000-00-00 00:00:00', 0, '2017-03-10 15:41:50', '2017-03-10 15:41:50'),
(152, 9, 1, '123344', 0, '127.0.0.1', '0000-00-00 00:00:00', 0, '2017-03-09 15:48:29', '2017-03-09 15:48:29'),
(160, 9, 5, 'zzzzzzzzz ', 0, '127.0.0.1', '0000-00-00 00:00:00', 0, '2017-03-10 16:13:57', '2017-03-10 16:13:57'),
(161, 9, 6, 'å‘è¡¨ä¸€ä¸ªå¸–å­', 0, '127.0.0.1', '0000-00-00 00:00:00', 0, '2017-03-10 16:14:19', '2017-03-10 16:14:19'),
(162, 9, 1, 'é¡¶é¡¶é¡¶é¡¶é¡¶é¡¶é¡¶é¡¶é¡¶heel', 0, '127.0.0.1', '0000-00-00 00:00:00', 0, '2017-03-10 17:03:12', '2017-03-10 17:03:12'),
(163, 9, 1, '            è¯´è¯´è¯´æ‰€æ˜¯', 0, '127.0.0.1', '0000-00-00 00:00:00', 0, '2017-03-10 17:05:29', '2017-03-10 17:05:29'),
(164, 9, 1, 'ä¸ºä»€ä¹ˆå†…å®¹å››ä¹Ÿèƒ½è¾“å…¥', 0, '127.0.0.1', '0000-00-00 00:00:00', 0, '2017-03-10 17:06:33', '2017-03-10 17:06:33'),
(165, 9, 1, 'é¡¶é¡¶é¡¶é¡¶é¡¶é¡¶é¡¶é¡¶é¡¶é¡¶', 0, '127.0.0.1', '0000-00-00 00:00:00', 0, '2017-03-10 17:07:02', '2017-03-10 17:07:02'),
(166, 9, 1, 'ä¸ºä»€ä¹ˆç©ºå¸–ä¹Ÿèƒ½è¾“å…¥', 0, '127.0.0.1', '0000-00-00 00:00:00', 0, '2017-03-10 17:09:06', '2017-03-10 17:09:06'),
(167, 9, 1, 'ç©ºå¸–å®éªŒæ˜¯', 0, '127.0.0.1', '0000-00-00 00:00:00', 0, '2017-03-10 17:13:02', '2017-03-10 17:13:02'),
(168, 9, 1, 'ç©ºå¸–å®éªŒæ˜¯ç©ºå¸–å®éªŒæ˜¯', 0, '127.0.0.1', '0000-00-00 00:00:00', 0, '2017-03-10 17:16:24', '2017-03-10 17:16:24'),
(169, 9, 1, 'ç©ºå¸–å®éªŒæ˜¯ç©ºå¸–å®éªŒæ˜¯v', 0, '127.0.0.1', '0000-00-00 00:00:00', 0, '2017-03-10 17:17:27', '2017-03-10 17:17:27'),
(208, 12, 1, 'æµ‹è¯•çƒ­é—¨å‘å¸–åœ¨', 0, '127.0.0.1', '0000-00-00 00:00:00', 0, '2017-03-21 14:19:19', '2017-03-21 14:19:19'),
(171, 9, 1, 'ssssssssssssss', 0, '127.0.0.1', '0000-00-00 00:00:00', 0, '2017-03-10 18:13:43', '2017-03-10 18:13:43'),
(172, 9, 1, 'ssssssssssssssss', 0, '127.0.0.1', '0000-00-00 00:00:00', 0, '2017-03-10 18:14:08', '2017-03-10 18:14:08'),
(173, 9, 1, 'xxxxxxxxxxxxx', 0, '127.0.0.1', '0000-00-00 00:00:00', 0, '2017-03-10 18:16:21', '2017-03-10 18:16:21'),
(179, 9, 1, 'ddddddddddddd', 0, '127.0.0.1', '0000-00-00 00:00:00', 0, '2017-03-13 13:32:23', '2017-03-13 13:32:23'),
(177, 9, 1, 'ssssssä¿®æ”¹å•Š', 0, '127.0.0.1', '2017-03-13 09:28:48', 0, '2017-03-13 13:51:46', '2017-03-10 19:08:41'),
(180, 9, 1, 'ä¾§å¸‚å¤§é•¿åº¦', 2, '127.0.0.1', '0000-00-00 00:00:00', 0, '2017-03-13 13:40:09', '2017-03-13 13:35:04'),
(182, 9, 1, 'ä¸Šä¼ å›¾ç‰‡ ä»v', 0, '127.0.0.1', '0000-00-00 00:00:00', 0, '2017-03-13 14:52:15', '2017-03-13 14:52:15'),
(183, 9, 1, 'ä¸Šä¼ æ–‡ä»¶n', 1, '127.0.0.1', '0000-00-00 00:00:00', 0, '2017-03-13 14:54:50', '2017-03-13 14:54:50'),
(184, 9, 1, 'ä¸Šä¼ è¶…å¤§å›¾ç‰‡', 1, '127.0.0.1', '2017-03-20 18:47:27', 0, '2017-03-21 15:28:42', '2017-03-13 14:59:32'),
(185, 9, 6, 'æ·»åŠ ä¸€æ¡å¸–å­', 0, '127.0.0.1', '0000-00-00 00:00:00', 0, '2017-03-13 16:34:14', '2017-03-13 16:34:14'),
(190, 9, 5, '3-14å·å‘å¸–', 0, '127.0.0.1', '0000-00-00 00:00:00', 0, '2017-03-14 09:51:35', '2017-03-14 09:51:35'),
(188, 9, 1, 'zzzzzzzzzzzzzzzzz', 0, '127.0.0.1', '0000-00-00 00:00:00', 0, '2017-03-13 18:35:35', '2017-03-13 18:35:35'),
(191, 9, 5, '3-14   -14', 1, '127.0.0.1', '0000-00-00 00:00:00', 0, '2017-03-14 09:51:57', '2017-03-14 09:51:57'),
(193, 12, 6, 'ssssssssssssssssssss', 0, '127.0.0.1', '0000-00-00 00:00:00', 0, '2017-03-15 17:05:24', '2017-03-15 17:05:24'),
(194, 9, 1, 'æ–°ç”¨æˆ·å‘å¸–', 4, '127.0.0.1', '2017-03-17 13:29:32', 0, '2017-03-16 16:28:16', '2017-03-16 16:28:16'),
(195, 9, 1, 'æ–°å‘å¸–é¡¶é¡¶é¡¶é¡¶é¡¶é¡¶é¡¶é¡¶é¡¶', 1, '127.0.0.1', '2017-03-17 13:29:29', 1, '2017-03-16 17:11:13', '2017-03-16 17:11:13'),
(196, 12, 1, 'å‘å¸–å‘å¸–å•Š', 3, '127.0.0.1', '2017-03-20 18:47:31', 0, '2017-03-17 13:28:50', '2017-03-17 13:28:50'),
(197, 13, 5, 'æ–°äººæŠ¥é“22', 1, '127.0.0.1', '2017-03-17 15:52:36', 0, '2017-03-17 15:47:08', '2017-03-17 15:47:08'),
(199, 9, 1, 'æ–°çš„çš„é¡¶é¡¶é¡¶é¡¶é¡¶çš„é¡¶é¡¶', 0, '127.0.0.1', '0000-00-00 00:00:00', 0, '2017-03-17 17:09:14', '2017-03-17 17:09:14'),
(206, 12, 1, 'æµ‹è¯•çƒ­é—¨å‘å¸–', 0, '127.0.0.1', '0000-00-00 00:00:00', 0, '2017-03-21 14:18:58', '2017-03-21 14:18:58'),
(203, 9, 1, '2111111111', 0, '127.0.0.1', '0000-00-00 00:00:00', 0, '2017-03-17 17:17:20', '2017-03-17 17:17:20'),
(207, 12, 1, 'æµ‹è¯•çƒ­é—¨å‘å¸–æƒ³', 0, '127.0.0.1', '0000-00-00 00:00:00', 0, '2017-03-21 14:19:09', '2017-03-21 14:19:09'),
(204, 9, 1, 'cececcecece', 0, '127.0.0.1', '0000-00-00 00:00:00', 0, '2017-03-17 17:30:27', '2017-03-17 17:30:27'),
(209, 12, 1, 'æµ‹è¯•çƒ­é—¨å‘å¸–æˆ‘', 0, '127.0.0.1', '0000-00-00 00:00:00', 0, '2017-03-21 14:19:26', '2017-03-21 14:19:26'),
(210, 12, 1, 'æµ‹è¯•çƒ­é—¨å‘å¸–è¦', 0, '127.0.0.1', '0000-00-00 00:00:00', 0, '2017-03-21 14:19:36', '2017-03-21 14:19:36'),
(211, 16, 1, 'å¥½å¤©æ°”å¥½å¤©æ°”', 1, '127.0.0.1', '2017-03-21 15:17:13', 0, '2017-03-21 14:34:51', '2017-03-21 14:34:24');

-- --------------------------------------------------------

--
-- è¡¨çš„ç»“æ„ `post_contents`
--

CREATE TABLE IF NOT EXISTS `post_contents` (
  `id` int(10) unsigned NOT NULL AUTO_INCREMENT,
  `post_id` int(11) NOT NULL COMMENT 'å¸–å­id',
  `content` text NOT NULL COMMENT 'å¸–å­å†…å®¹',
  `dated` datetime NOT NULL COMMENT 'æ—¶é—´',
  PRIMARY KEY (`id`)
) ENGINE=MyISAM  DEFAULT CHARSET=utf8 AUTO_INCREMENT=139 ;

--
-- è½¬å­˜è¡¨ä¸­çš„æ•°æ® `post_contents`
--

INSERT INTO `post_contents` (`id`, `post_id`, `content`, `dated`) VALUES
(47, 114, 'ä¿®æ”¹å†…å®¹', '2017-03-06 14:04:44'),
(4, 71, '312312312312', '2017-03-03 10:39:11'),
(46, 113, '33äººäººr', '2017-03-09 16:31:42'),
(6, 73, 'ä»è‡ªè¡Œè½¦è‡ªè¡Œè½¦ä¸­å‡ºç°', '2017-03-03 10:39:21'),
(7, 74, 'è‡ªäº§è‡ªé”€åˆ›é€ æ€§', '2017-03-03 10:39:26'),
(9, 76, 'å¤§å¸ˆå¤§å¸ˆéƒ½æ˜¯', '2017-03-03 10:39:36'),
(10, 77, 'æ˜¯å¤§å¤§å¤§å”çš„', '2017-03-03 10:39:41'),
(11, 78, 'ç¾å¥½å–å®¶', '2017-03-03 10:39:47'),
(12, 79, 'æ²¡ç»“å©šæ²¡ç»“å©š', '2017-03-03 10:39:52'),
(13, 80, 'eeee', '2017-03-03 10:51:53'),
(14, 81, '21221', '2017-03-03 10:53:28'),
(15, 82, 'ã€Šã€‹ï¼Ÿ@@@!!!', '2017-03-03 13:07:36'),
(16, 83, 'ip', '2017-03-03 13:14:03'),
(17, 84, '121212', '2017-03-03 14:32:47'),
(18, 85, 'å‘å¸–', '2017-03-03 14:52:15'),
(19, 86, 'zzz', '2017-03-03 14:52:21'),
(20, 87, 'zzzz', '2017-03-03 14:52:24'),
(22, 89, '12341æ‰“ç®—', '2017-03-03 14:52:34'),
(24, 91, 'è¿™å¿ƒè¾èŒä¿¡', '2017-03-03 14:52:41'),
(122, 189, '122222222222222222', '2017-03-14 09:50:27'),
(26, 93, '1212121212', '2017-03-03 16:46:52'),
(27, 94, 'zxczxczxczxc', '2017-03-03 16:46:57'),
(132, 205, '<img src="http://www.myitem.com/static/js/editor/plugins/emoticons/images/29.gif" border="0" alt="">', '2017-03-21 14:18:31'),
(29, 96, 'czxczxczx', '2017-03-03 16:47:04'),
(30, 97, '2é¥¿2é¥¿e', '2017-03-03 17:06:32'),
(31, 98, 'é¥¿2é¢1é¥¿2', '2017-03-03 17:06:36'),
(32, 99, 'çš„æ‰“ç®—æ‰“ç®—', '2017-03-03 17:06:41'),
(33, 100, 'å¤§å¤§å£°ç‚¹', '2017-03-03 17:06:45'),
(34, 101, 'æ‰“ç®—æ‰“ç®—2233', '2017-03-09 16:33:28'),
(35, 102, 'æ‰“ç®—æ‰“ç®—', '2017-03-03 17:07:04'),
(36, 103, 'æ‰“ç®—æ‰“ç®—', '2017-03-03 17:07:07'),
(125, 192, 'æ˜¯äº‹å®ä¸Šäº‹å®ä¸Šäº‹å®ä¸Šäº‹å®ä¸Šäº‹å®ä¸Šäº‹å®ä¸Š', '2017-03-14 11:27:27'),
(39, 106, '12121212', '2017-03-06 10:50:18'),
(40, 107, '12123123', '2017-03-06 10:50:24'),
(41, 108, '12213', '2017-03-06 10:50:45'),
(42, 109, '312312', '2017-03-09 16:13:03'),
(43, 110, '23112312312', '2017-03-13 13:48:55'),
(44, 111, 'ä¹‹å®šä¹‰', '2017-03-06 11:09:27'),
(48, 115, 'æœ€æ–°ä¿®æ”¹åœ¨', '2017-03-06 14:27:09'),
(87, 154, 'è¯•è¯•æ•ˆæœ1&nbsp;è¯•è¯•æ•ˆæœ1&nbsp;', '2017-03-10 15:19:10'),
(51, 118, '1231231', '2017-03-06 14:55:21'),
(52, 119, '312312312', '2017-03-06 14:57:33'),
(55, 122, 'å•Šå•Šå•Š', '2017-03-06 15:51:14'),
(54, 121, 'åŠ æ²¹111', '2017-03-06 15:12:00'),
(116, 183, '<a href="/static/uploads/file/20170313/20170313145444_43763.txt" target="_blank">/static/uploads/file/20170313/20170313145444_43763.txt</a>', '2017-03-13 14:54:50'),
(76, 143, 'æäº¤æ•ˆæœè¯•è¯•', '2017-03-09 14:23:09'),
(77, 144, 'åœ°åŒºå‘vwefggwrger&nbsp;', '2017-03-09 14:23:56'),
(90, 157, 'å»å»å»å»å»å»å‰æœŸ', '2017-03-10 15:36:23'),
(89, 156, 'å°‘æ—¶è¯µè¯—ä¹¦', '2017-03-10 15:36:04'),
(81, 148, '11132312', '2017-03-09 16:33:36'),
(91, 158, '43222222222222', '2017-03-10 15:41:34'),
(85, 152, '241444444', '2017-03-09 15:48:29'),
(92, 159, '<a href="http://www.myitem.com/index.php/Home/Index/postDetail/158">33333333333333333333</a>', '2017-03-10 15:41:50'),
(93, 160, 'zzzzzzzzzzzzz', '2017-03-10 16:13:57'),
(94, 161, 'å‘è¡¨ä¸€ä¸ªå¸–å­å‘è¡¨ä¸€ä¸ªå¸–å­å‘è¡¨ä¸€ä¸ªå¸–å­å‘è¡¨ä¸€ä¸ªå¸–å­å‘è¡¨ä¸€ä¸ªå¸–å­', '2017-03-10 16:14:19'),
(95, 162, 'æ“¦æ“¦æ“¦æ“¦æ“¦æ“¦æ“¦æ“¦æ“¦æ“¦', '2017-03-10 17:03:12'),
(96, 163, '&nbsp;æ˜¯æ˜¯æ˜¯æ˜¯ &nbsp;', '2017-03-10 17:05:29'),
(115, 182, '<img src="/static/uploads/image/20170313/20170313145213_68930.jpg" alt="">', '2017-03-13 14:52:15'),
(98, 165, '&nbsp; &nbsp; &nbsp; &nbsp; &nbsp; &nbsp; &nbsp; &nbsp; &nbsp;&nbsp;', '2017-03-10 17:07:02'),
(99, 166, '&nbsp; &nbsp; &nbsp; &nbsp; &nbsp; &nbsp; &nbsp; &nbsp; &nbsp; &nbsp; &nbsp; &nbsp; &nbsp; &nbsp; &nbsp; &nbsp; &nbsp; &nbsp; &nbsp; &nbsp; &nbsp;', '2017-03-10 17:09:06'),
(100, 167, '&nbsp; &nbsp; &nbsp; &nbsp; &nbsp; &nbsp; &nbsp; &nbsp; &nbsp; &nbsp; &nbsp; &nbsp; &nbsp; &nbsp; &nbsp; &nbsp; &nbsp; &nbsp; &nbsp; &nbsp; &nbsp; &nbsp; &nbsp; &nbsp;&nbsp;', '2017-03-10 17:13:02'),
(101, 168, '&nbsp; &nbsp; &nbsp; &nbsp; &nbsp; &nbsp; &nbsp; &nbsp; &nbsp; &nbsp; &nbsp; &nbsp; &nbsp; &nbsp; &nbsp; &nbsp; &nbsp; &nbsp; &nbsp; &nbsp; &nbsp;', '2017-03-10 17:16:24'),
(102, 169, '&nbsp; &nbsp; &nbsp; &nbsp; &nbsp; &nbsp; &nbsp; &nbsp; &nbsp; &nbsp; &nbsp; &nbsp; &nbsp; &nbsp; &nbsp; &nbsp;&nbsp;', '2017-03-10 17:17:27'),
(133, 206, '<img src="http://www.myitem.com/static/js/editor/plugins/emoticons/images/40.gif" border="0" alt="">', '2017-03-21 14:18:58'),
(104, 171, '&nbsp; &nbsp; &nbsp; &nbsp; &nbsp; &nbsp; &nbsp; &nbsp; &nbsp; &nbsp; sssssssssssss', '2017-03-10 18:13:43'),
(105, 172, '&nbsp; &nbsp; &nbsp; &nbsp; &nbsp; &nbsp; &nbsp; &nbsp; &nbsp; &nbsp; &nbsp; &nbsp; &nbsp; &nbsp; &nbsp; &nbsp;', '2017-03-10 18:14:08'),
(106, 173, '&nbsp; &nbsp; &nbsp; &nbsp; &nbsp; &nbsp; &nbsp; &nbsp; &nbsp; &nbsp; &nbsp; &nbsp; &nbsp;&nbsp;', '2017-03-10 18:16:21'),
(118, 185, '<img src="http://api.map.baidu.com/staticimage?center=118.809326,32.052913&zoom=17&width=558&height=360&markers=118.809326,32.052913&markerStyles=l,A" alt="">', '2017-03-13 16:34:14'),
(112, 179, '<img src="http://www.myitem.com/static/js/editor/plugins/emoticons/images/36.gif" border="0" alt="">', '2017-03-13 13:32:23'),
(110, 177, 'sss &nbsp; &nbsp;åƒåƒåƒ', '2017-03-13 13:51:46'),
(113, 180, 'å®šä¹‰å’Œç”¨æ³•<br>\nstr_replace() å‡½æ•°ä»¥å…¶ä»–å­—ç¬¦æ›¿æ¢å­—ç¬¦ä¸²ä¸­çš„ä¸€äº›å­—ç¬¦ï¼ˆåŒºåˆ†å¤§å°å†™ï¼‰ã€‚<br>\nè¯¥å‡½æ•°å¿…é¡»éµå¾ªä¸‹åˆ—è§„åˆ™ï¼š<br>\nå¦‚æœæœç´¢çš„å­—ç¬¦ä¸²æ˜¯æ•°ç»„ï¼Œé‚£ä¹ˆå®ƒå°†è¿”å›æ•°ç»„ã€‚<br>\nå¦‚æœæœç´¢çš„å­—ç¬¦ä¸²æ˜¯æ•°ç»„ï¼Œé‚£ä¹ˆå®ƒå°†å¯¹æ•°ç»„ä¸­çš„æ¯ä¸ªå…ƒç´ è¿›è¡ŒæŸ¥æ‰¾å’Œæ›¿æ¢ã€‚<br>\nå¦‚æœåŒæ—¶éœ€è¦å¯¹æ•°ç»„è¿›è¡ŒæŸ¥æ‰¾å’Œæ›¿æ¢ï¼Œå¹¶ä¸”éœ€è¦æ‰§è¡Œæ›¿æ¢çš„å…ƒç´ å°‘äºæŸ¥æ‰¾åˆ°çš„å…ƒç´ çš„æ•°é‡ï¼Œé‚£ä¹ˆå¤šä½™å…ƒç´ å°†ç”¨ç©ºå­—ç¬¦ä¸²è¿›è¡Œæ›¿æ¢<br>\nå¦‚æœæŸ¥æ‰¾çš„æ˜¯æ•°ç»„ï¼Œè€Œæ›¿æ¢çš„æ˜¯å­—ç¬¦ä¸²ï¼Œé‚£ä¹ˆæ›¿ä»£å­—ç¬¦ä¸²å°†å¯¹æ‰€æœ‰æŸ¥æ‰¾åˆ°çš„å€¼èµ·ä½œç”¨ã€‚<br>\næ³¨é‡Šï¼šè¯¥å‡½æ•°åŒºåˆ†å¤§å°å†™ã€‚è¯·ä½¿ç”¨ str_ireplace() å‡½æ•°æ‰§è¡Œä¸åŒºåˆ†å¤§å°å†™çš„æœç´¢ã€‚<br>\næ³¨é‡Šï¼šè¯¥å‡½æ•°æ˜¯äºŒè¿›åˆ¶å®‰å…¨çš„ã€‚<br>\nè¯­æ³•<br>\nstr_replace(find,replace,string,count)<br>\nå‚æ•° æè¿°<br>\nfind å¿…éœ€ã€‚è§„å®šè¦æŸ¥æ‰¾çš„å€¼ã€‚<br>\nreplace å¿…éœ€ã€‚è§„å®šæ›¿æ¢ find ä¸­çš„å€¼çš„å€¼ã€‚<br>\nstring å¿…éœ€ã€‚è§„å®šè¢«æœç´¢çš„å­—ç¬¦ä¸²ã€‚<br>\ncount å¯é€‰ã€‚å¯¹æ›¿æ¢æ•°è¿›è¡Œè®¡æ•°çš„å˜é‡ã€‚<br>\næŠ€æœ¯ç»†èŠ‚<br>\nè¿”å›å€¼ï¼š è¿”å›å¸¦æœ‰æ›¿æ¢å€¼çš„å­—ç¬¦ä¸²æˆ–æ•°ç»„ã€‚<br>\nPHP ç‰ˆæœ¬ï¼š 4+<br>\næ›´æ–°æ—¥å¿—ï¼š <br>\nåœ¨ PHP 5.0 ä¸­ï¼Œæ–°å¢äº† count å‚æ•°ã€‚<br>\nåœ¨ PHP 4.3.3 ä¹‹å‰ï¼Œè¯¥å‡½æ•°çš„ find å’Œ replace å‚æ•°éƒ½ä¸ºæ•°ç»„æ—¶å°†ä¼šé‡åˆ°éº»çƒ¦ï¼Œä¼šå¼•èµ·ç©ºçš„ find ç´¢å¼•åœ¨å†…éƒ¨æŒ‡é’ˆæ²¡æœ‰æ›´æ¢åˆ° replace æ•°ç»„ä¸Šæ—¶è¢«å¿½ç•¥ã€‚æ–°çš„ç‰ˆæœ¬ä¸ä¼šæœ‰è¿™ä¸ªé—®é¢˜ã€‚<br>\nè‡ª PHP 4.0.5 èµ·ï¼Œå¤§å¤šæ•°å‚æ•°å¯ä»¥æ˜¯ä¸€ä¸ªæ•°ç»„ã€‚<br>\næ›´å¤šå®ä¾‹<br>\nä¾‹å­ 1<br>\n<br>', '2017-03-13 13:35:04'),
(117, 184, '<img src="http://www.myitem.com/static/js/editor/plugins/emoticons/images/27.gif" border="0" alt=""><img src="http://www.myitem.com/static/js/editor/plugins/emoticons/images/28.gif" border="0" alt=""><img src="http://api.map.baidu.com/staticimage?center=121.473704,31.230393&zoom=11&width=558&height=360&markers=121.473704,31.230393&markerStyles=l,A" alt=""><img src="/static/uploads/image/20170313/20170313145929_33659.jpg" alt="">', '2017-03-21 15:28:42'),
(121, 188, 'zzzzzzzzzzzzzzzzzzzzzzzzzzzzzz', '2017-03-13 18:35:35'),
(123, 190, '<img src="http://www.myitem.com/static/js/editor/plugins/emoticons/images/36.gif" border="0" alt="">', '2017-03-14 09:51:35'),
(124, 191, '<img src="http://www.myitem.com/static/js/editor/plugins/emoticons/images/18.gif" border="0" alt="">', '2017-03-14 09:51:57'),
(126, 193, '<img src="http://www.myitem.com/static/js/editor/plugins/emoticons/images/37.gif" border="0" alt="">', '2017-03-15 17:05:24'),
(127, 194, 'çœ‹çœ‹æ•ˆæœå†…å®¹', '2017-03-16 16:28:16'),
(128, 195, '<img src="http://www.myitem.com/static/js/editor/plugins/emoticons/images/37.gif" border="0" alt="">', '2017-03-16 17:11:13'),
(129, 196, '<img src="http://www.myitem.com/static/js/editor/plugins/emoticons/images/36.gif" border="0" alt="">', '2017-03-17 13:28:50'),
(130, 197, 'æµ‹è¯•æ–°äººæŠ¥é“', '2017-03-17 15:47:08'),
(131, 204, '<img src="/static/uploads/image/20170317/20170317173025_19950.jpg" alt="">', '2017-03-17 17:30:27'),
(134, 207, '<img src="http://www.myitem.com/static/js/editor/plugins/emoticons/images/43.gif" border="0" alt="">', '2017-03-21 14:19:09'),
(135, 208, '<img src="http://www.myitem.com/static/js/editor/plugins/emoticons/images/8.gif" border="0" alt="">', '2017-03-21 14:19:19'),
(136, 209, '<img src="http://www.myitem.com/static/js/editor/plugins/emoticons/images/0.gif" border="0" alt="">', '2017-03-21 14:19:26'),
(137, 210, '<img src="http://www.myitem.com/static/js/editor/plugins/emoticons/images/9.gif" border="0" alt="">', '2017-03-21 14:19:36'),
(138, 211, 'ä»Šå¤©å¥½å¤©æ°”å¥½å¤©æ°”', '2017-03-21 14:34:51');

-- --------------------------------------------------------

--
-- è¡¨çš„ç»“æ„ `replys`
--

CREATE TABLE IF NOT EXISTS `replys` (
  `id` int(10) unsigned NOT NULL AUTO_INCREMENT,
  `post_id` int(11) NOT NULL COMMENT 'å¸–å­id',
  `content` text NOT NULL COMMENT 'å›å¸–å†…å®¹',
  `ip` varchar(20) NOT NULL COMMENT 'ipåœ°å€',
  `dated` datetime NOT NULL COMMENT 'å›å¸–æ—¶é—´',
  `user_id` int(11) NOT NULL,
  PRIMARY KEY (`id`)
) ENGINE=MyISAM  DEFAULT CHARSET=utf8 AUTO_INCREMENT=68 ;

--
-- è½¬å­˜è¡¨ä¸­çš„æ•°æ® `replys`
--

INSERT INTO `replys` (`id`, `post_id`, `content`, `ip`, `dated`, `user_id`) VALUES
(54, 103, '<img src="/static/js/editor/attached/image/20170313/20170313181142_78060.jpg" alt="">', '127.0.0.1', '2017-03-13 18:11:44', 9),
(53, 103, 'jiayou', '127.0.0.1', '2017-03-13 18:10:46', 9),
(52, 183, 'æœ€æ–°å›å¤ã€‚', '127.0.0.1', '2017-03-13 16:31:42', 9),
(8, 82, 'å›å¤', '127.0.0.1', '2017-03-03 14:06:56', 9),
(9, 82, 'å†å›å¤', '127.0.0.1', '2017-03-03 14:07:00', 9),
(10, 76, '11152', '127.0.0.1', '2017-03-03 14:11:01', 9),
(11, 80, 'å›å¤ä¸€ä¸ª', '127.0.0.1', '2017-03-03 14:33:05', 9),
(51, 184, '<img src="http://www.myitem.com/static/js/editor/plugins/emoticons/images/11.gif" border="0" alt=""><img src="http://www.myitem.com/static/js/editor/plugins/emoticons/images/11.gif" border="0" alt="">å›å¤<img src="/static/js/editor/attached/image/20170313/20170313152634_86950.jpg" alt="">', '127.0.0.1', '2017-03-13 15:26:53', 9),
(21, 85, 'å›ä¸€ä¸ª\r\n', '127.0.0.1', '2017-03-03 17:24:48', 9),
(27, 121, '222', '127.0.0.1', '2017-03-06 15:12:10', 9),
(26, 121, '111', '127.0.0.1', '2017-03-06 15:12:08', 9),
(43, 109, '<span>å›å¤å›å¤</span>', '127.0.0.1', '2017-03-10 16:37:29', 9),
(44, 109, '<span xss=removed>Â å›å¤å›å¤</span>', '127.0.0.1', '2017-03-10 16:37:59', 9),
(45, 77, '<span xss=removed>æ˜¯å¤§å¤§å¤§å”çš„</span>', '127.0.0.1', '2017-03-10 17:29:19', 9),
(46, 110, 'ccccccccccccc', '127.0.0.1', '2017-03-13 09:51:05', 9),
(47, 110, 'zzzzzzzzzzzzzzzzzz', '127.0.0.1', '2017-03-13 09:51:08', 9),
(48, 110, 'bbbbbbbbbbbbbbbbbbb', '127.0.0.1', '2017-03-13 09:51:14', 9),
(49, 110, 'mmmmmmmmmmmmmmmmmmmm', '127.0.0.1', '2017-03-13 09:51:18', 9),
(50, 180, '<img src="http://www.myitem.com/static/js/editor/plugins/emoticons/images/12.gif" border="0" alt=""><img src="http://www.myitem.com/static/js/editor/plugins/emoticons/images/32.gif" border="0" alt="">', '127.0.0.1', '2017-03-13 13:40:09', 9),
(42, 109, '<span>å›å¤å›å¤</span>', '127.0.0.1', '2017-03-10 16:37:20', 9),
(38, 109, '123132312', '127.0.0.1', '2017-03-09 15:09:34', 9),
(41, 109, 'å›å¤å›å¤å•Š', '127.0.0.1', '2017-03-10 16:37:16', 9),
(39, 109, 'ajaxå›å¤', '127.0.0.1', '2017-03-09 15:11:49', 9),
(40, 109, '31231231', '127.0.0.1', '2017-03-09 15:41:05', 9),
(55, 109, 'æ‰è¸©è¸©è¸©ä»', '127.0.0.1', '2017-03-16 16:34:48', 9),
(61, 196, 'sssssssssss', '127.0.0.1', '2017-03-17 15:28:03', 9),
(57, 180, 'dddddd', '127.0.0.1', '2017-03-16 17:05:34', 9),
(62, 197, 'æ¬¢è¿æ¬¢è¿æ¬¢è¿', '127.0.0.1', '2017-03-17 15:52:55', 13),
(59, 194, 'sssssssssssssssssssssssssssssssss', '127.0.0.1', '2017-03-16 18:23:46', 12),
(60, 196, 'æˆ‘è¦å›å¸–<img src="http://www.myitem.com/static/js/editor/plugins/emoticons/images/27.gif" border="0" alt="">', '127.0.0.1', '2017-03-17 13:29:17', 9),
(64, 194, 'å¤§å¤§å¤§æ»´æ»´ç­”ç­”', '127.0.0.1', '2017-03-17 16:41:10', 15),
(65, 194, '<img src="/static/js/editor/attached/image/20170317/20170317170837_64154.jpg" alt="">', '127.0.0.1', '2017-03-17 17:08:40', 9),
(67, 211, 'hello', '127.0.0.1', '2017-03-21 14:36:01', 16);

-- --------------------------------------------------------

--
-- è¡¨çš„ç»“æ„ `users`
--

CREATE TABLE IF NOT EXISTS `users` (
  `id` int(11) NOT NULL AUTO_INCREMENT,
  `username` varchar(20) NOT NULL,
  `password` varchar(32) NOT NULL,
  `nickname` varchar(20) NOT NULL,
  `email` varchar(30) NOT NULL,
  `birthday` date NOT NULL COMMENT 'ç”Ÿæ—¥',
  `sex` tinyint(4) NOT NULL DEFAULT '1' COMMENT 'æ€§åˆ«',
  `is_ban` tinyint(4) NOT NULL DEFAULT '0',
  `last_dated` datetime NOT NULL COMMENT 'æœ€åç™»å½•æ—¶é—´',
  `is_admin` tinyint(4) NOT NULL DEFAULT '0' COMMENT 'æ˜¯å¦æ˜¯ç®¡ç†å‘˜',
  `dated` datetime NOT NULL COMMENT 'æ³¨å†Œæ—¶é—´',
  `ip` varchar(25) NOT NULL,
  PRIMARY KEY (`id`),
  UNIQUE KEY `username` (`username`)
) ENGINE=MyISAM  DEFAULT CHARSET=utf8 COMMENT='ç”¨æˆ·è¡¨' AUTO_INCREMENT=17 ;

--
-- è½¬å­˜è¡¨ä¸­çš„æ•°æ® `users`
--

INSERT INTO `users` (`id`, `username`, `password`, `nickname`, `email`, `birthday`, `sex`, `is_ban`, `last_dated`, `is_admin`, `dated`, `ip`) VALUES
(7, '31233122', 'd1f38800faf5e6ee1a27a069c9397cc3', '3123123123', 'pww@163.com', '1994-05-01', 2, 0, '2017-03-16 10:15:00', 0, '2017-03-15 14:38:20', '127.0.0.1'),
(8, '1312312', '943e31d8492f55c493deda01180ee76d', '12312312', '315359131@qq.com', '1994-05-01', 2, 0, '2017-03-16 10:15:00', 0, '2017-03-15 15:15:53', '127.0.0.1'),
(5, 'è¿™æ˜¯ä¸€ä¸ªç”¨æˆ·å', '23438022fe665797de0c365ad966d405', 'æ˜µç§°å‘¢', '315359131@qq.com', '1994-05-01', 2, 1, '2017-03-16 10:15:00', 0, '2017-03-15 14:02:37', '127.0.0.1'),
(6, 'ä»€ä¹ˆä»€ä¹ˆæ˜¯ä»€ä¹ˆ', 'c9200b02a62aa42563536b78f0495732', '1232131312', 'pww@163.com', '1994-05-01', 2, 0, '2017-03-16 10:15:00', 0, '2017-03-15 14:17:56', '127.0.0.1'),
(9, 'user', '0e9633b5f0f67dcc17412335597666ca', 'ç”¨æˆ·æ˜µç§°å•Šå•Šå•Šåœ¨', '315359131@qq.com', '1994-05-01', 1, 0, '2017-03-21 15:28:26', 0, '2017-03-15 16:23:45', '127.0.0.1'),
(10, '3123åƒåƒåƒ', 'ce2824c59bca3a9eceaa01b9dca27a32', '31231231231', '315359131@qq.com', '1994-05-01', 1, 0, '2017-03-16 10:15:00', 0, '2017-03-15 17:41:03', '127.0.0.1'),
(12, 'admin', '15e9cadb845b50bbefd0d42e4b244a67', 'æµ‹è¯•åäº”ä¸ªå­—çš„ç”¨æˆ·', '315359131@qq.com', '1994-05-01', 1, 0, '2017-03-21 14:18:07', 0, '2017-03-16 17:22:51', '127.0.0.1'),
(13, 'leiyuan', '3fdadcee4a1fa97e976eff1fe6774d4c', 'leiyuan2', 'leiyuan@corp-ci.com', '1992-05-01', 2, 0, '2017-03-17 15:50:39', 0, '2017-03-17 15:45:09', '127.0.0.1'),
(15, 'äº‹å®ä¸Šäº‹å®ä¸Š', '10c72553cb6c5721a4269823ff54cd8e', 'æƒºæƒºæƒœæƒºæƒºæƒ³', 'pww@163.com', '1994-05-01', 2, 0, '0000-00-00 00:00:00', 0, '2017-03-17 16:40:38', '127.0.0.1'),
(16, 'é›·åª›02', '37b14efd54b9c6a1e262c7a09d17618c', 'leyiuan', 'leiyuan@corp-ci.com', '1994-05-01', 2, 0, '0000-00-00 00:00:00', 0, '2017-03-21 14:33:55', '127.0.0.1');

/*!40101 SET CHARACTER_SET_CLIENT=@OLD_CHARACTER_SET_CLIENT */;
/*!40101 SET CHARACTER_SET_RESULTS=@OLD_CHARACTER_SET_RESULTS */;
/*!40101 SET COLLATION_CONNECTION=@OLD_COLLATION_CONNECTION */;
